match_id,map_name,stage,circle_x,circle_y,circle_radius,next_circle_x,next_circle_y,next_circle_radius,final_zone
11956033af2dbe5e643a3bfd622d5729,worlds_edge,1,7730,5988,4825,9144,3978,2367,north
438a8cebc70d97ee55baf52d78ec6289,worlds_edge,1,9517,10987,4825,11570,12336,2367,east
7201df99cd7d8583edae67a9c3f4a4db,e_district,1,6906,6425,5036,8578,8233,2470,center
bbb52c2723f2ed7819091b80f126c88a,e_district,1,8176,10835,5036,10421,12075,2470,south
e1144ff8fc58373182de7cc23e0ab349,worlds_edge,1,9603,9688,4825,9549,7424,2367,center
26826ff1736cec72e57327841cfad6bb,e_district,1,9187,9022,5036,11570,9973,2470,east
174953f947854eec7c5d8b6b52e82a11,worlds_edge,1,10180,11014,4825,9896,13455,2367,south
4c24d2cd97f7021e891d4d41d774c532,worlds_edge,1,9767,10569,4825,7817,9393,2367,center
3d7a4bae9203c5b817dfe296ef58205f,worlds_edge,1,7698,11271,4825,5812,10104,2367,center
3e55ca7ae7c32438b08c5ba7f6a27b65,worlds_edge,1,7776,10851,4825,5348,11228,2367,south
18494c74f82b3ace73cc8018498ecf88,worlds_edge,1,7831,10525,4825,6446,12553,2367,south
e159ad275993a8533b3b427937d9f309,e_district,1,7224,9110,5036,6332,11515,2470,south
f7e928545b9819795445577c43bbbd32,worlds_edge,1,8233,10188,4825,6111,11346,2367,center
6cb8c29e7b978cc9d9b9fead8f897f1d,storm_point,1,8611,7449,4894,8969,4988,2407,north
0ef38c9228938da26731edcaa91173d1,e_district,1,7397,5956,5036,8548,8217,2470,center
c0071581dafacb464f3850a456de7ea6,e_district,1,9375,8529,5036,11665,9680,2470,east
397a925f0adfbcbcbccdf0bec25eea5c,worlds_edge,1,8498,6863,4825,10798,7730,2367,east
3d72e3435e9587967ea92959523c9bf9,storm_point,1,7937,8211,4974,9476,10264,2407,center
24d8159d0fa859fb92bf3cbd631579d1,worlds_edge,1,6776,9317,4825,5183,7447,2367,center
3c5931d43bdf01a2e21cfde8f4021e62,e_district,1,7628,9162,5036,8707,6993,2470,center
cafd7b25468df945e4984738cb8de3c0,worlds_edge,1,7463,11343,4825,6248,9780,2367,center
13d9f62eec26f99db2900b468865ef47,e_district,1,8951,7970,5036,11261,6854,2470,east
246244a11206d85335de6548b69c4601,storm_point,1,9954,7762,4974,12288,8830,2407,east
bbeb1f4de16ce1556ebd23d458261fff,storm_point,1,7651,6884,4974,10050,6299,2407,center
fa1f54a19fb8aa73abd3358a84d65005,worlds_edge,1,7198,11305,4825,4842,11996,2367,south
78d5e8aab9182973ea47ae639cb5b32e,storm_point,1,7306,6568,4974,6453,4147,2407,north
b33d24a77c788e3235824b97a267e9c1,storm_point,1,9653,8610,4894,11497,10277,2407,east
cc850ebe2b1c575281fbe9f94feb0a62,e_district,1,8966,8300,5036,7509,9597,2470,center
8905780909422d4e41721a53d263c35e,worlds_edge,1,9315,8718,4825,9497,6372,2367,center
0d56b59faaaeb15103193bdb29225897,storm_point,1,10125,8670,4894,12366,7593,2407,east
bab98473e1d59559bc04d6c3416eed39,storm_point,1,6949,8367,4894,4543,7740,2407,west
81daa2869b499a5e719126ee556b89fa,storm_point,1,7883,9711,4894,8895,8395,2407,center
82e4a5bff90fc651ac0205db228c06e6,e_district,1,8649,8171,5036,8439,9582,2470,center
6696007d60762a62fa36e1a1438d7927,e_district,1,9491,9849,5036,10330,12273,2470,south
2b1d7d4b052672c6421f4151d50dfe70,storm_point,1,10874,7621,4894,12217,5528,2407,east
f4e79507ef6fc81edd1efeb82cf3d708,storm_point,1,7844,7042,4974,6045,8872,2407,center
1f0177619f4bb7b29f6c04750759e836,storm_point,1,7053,7927,4974,7846,10367,2407,center
2c7bbfbd37dbc42882c0ccaefb9013ac,storm_point,1,8329,4820,4894,10084,3059,2407,north
ec972bb788c9dd77144bebe9f377dd83,storm_point,1,9913,5742,4974,9004,3342,2407,north
f089c97b6dea93e6c6521d8bac7060f1,storm_point,1,8687,7747,4894,9316,10153,2407,south
e10e984e8e34d732d312cf524d9d4515,worlds_edge,1,10137,7301,4825,10949,4983,2367,north
1567f2092688b8498536dcc78c0138ed,e_district,1,7650,11020,5036,9832,12369,2470,south
01cfab0493795aa6a710ab5622fc7fb1,storm_point,1,9039,8330,4894,9773,6249,2407,center
a9653682dd302fb63da93d3757190b62,worlds_edge,1,7024,10629,4825,7828,12951,2367,south
241438e355584612c2ee1bc31c7a5ed5,storm_point,1,9607,6349,4894,11464,4695,2407,east
fe00ae131091871f77335916e99bc8b1,storm_point,1,9573,6007,4974,9167,3473,2407,north
964096f854587efb486893d5898434ff,storm_point,1,8541,7389,4974,7970,9891,2407,center
024a88b8e771532d7807f8ff15fb78bf,storm_point,1,9890,6590,4974,11645,4717,2407,east
ea007c669d26e6b797fa899d12de1b5b,worlds_edge,1,9615,9428,4825,11195,7656,2367,east
77063ace0d96fed83152f6e51364df85,worlds_edge,1,8831,6578,4825,9462,4202,2367,north
1266d9538a28c5af4df5b47976d219c0,worlds_edge,1,10112,9467,4825,10961,11774,2367,south
6e3198f0487f1aed178bae749fe794b5,e_district,1,7388,9476,5036,7935,11982,2470,south
ac44d6cd11a130810082010aaef3247c,e_district,1,7348,6583,5036,9520,5219,2470,north
ebd262d53d402de849d7b5fda4a3324f,storm_point,1,9871,6113,4894,12358,6121,2407,east
2fbff2021d3a1cccb0f04da6a8f41554,e_district,1,9560,9504,5036,11574,7916,2470,east
f978f2208c8b76068b40a650f4a8cee3,worlds_edge,1,8347,8643,4825,9354,6700,2367,center
a94b0235ab46bf11c3967789ebe7fc6b,e_district,1,8993,7681,5036,11516,8143,2470,east
6a09d5ed2e8aa1b5f789755411e3fc70,e_district,1,8415,10153,5036,10278,11917,2470,south
cc32576a01c8cd5ae261c76225809aa1,worlds_edge,1,6814,10851,4825,4502,11679,2367,south
8bfa08b43198696bfd869ddcd1c1bfab,storm_point,1,9896,8094,4974,11202,10303,2407,east
89628b805d2caba19faa64ed72516977,e_district,1,7635,9918,5036,9251,11910,2470,south
6dae51ff6ad1e04d696326b305ef61a1,storm_point,1,10848,9173,4974,13051,10489,2407,east
ed0a63d1d23e83885ecd0244a546ebcb,e_district,1,7940,9769,5036,9212,11997,2470,south
e20229efb2a6b8cfb0a04214bcd65ee1,worlds_edge,1,7750,7468,4825,9775,6483,2367,center
dd2e87f6610fa610bdbe68f733040530,worlds_edge,1,8740,10216,4825,8661,12673,2367,south
aea115d809ce9ac4d0edb031c5cf00b9,storm_point,1,7585,8454,4894,5645,10009,2407,south
097af2f944c602dde8473f37c07e263f,e_district,1,7785,11185,5036,10084,12321,2470,south
26bf7f79d9ca483e14cc9231005bbf7e,e_district,1,7064,8180,5036,7000,5615,2470,north
621bfaaa8bfdd74c70e32c0e7f756218,worlds_edge,1,7158,6390,4825,4916,5384,2367,north
6660c87df1bec2621544621603cae905,storm_point,1,4616,7209,4974,2675,8889,2407,west
df5c8240fc4df5babe0d14c91edda0b5,worlds_edge,1,6968,10147,4825,8622,11932,2367,south
3d0be1f193d30a14cbfcc698fb54bd3a,storm_point,1,6188,6383,4894,4015,5172,2407,west
60a410a637d10decbd2035ef2503e33e,e_district,1,8596,10815,5036,9805,13077,2470,south
58a417e8a44a5d53941f828cff4f149e,storm_point,1,6000,8074,4894,4213,6346,2407,west
ec9c42224f105b460621ab6efb5fee31,e_district,1,6910,9284,5036,8996,9096,2470,center
f9dcd02ade0223331e3ab78f51759d3b,worlds_edge,1,6650,8731,4825,4208,8993,2367,west
3c7a5c10705c8d624e735230a97600dc,e_district,1,9359,9197,5036,10118,11647,2470,south
101c3125f7f5896eb7b7f226150c0b09,storm_point,1,9814,8605,4974,9479,6065,2407,center
2edec4fff86fb024c7862e46634de086,worlds_edge,1,8305,9361,4825,6497,10982,2367,south
6d54153032c5bd1767545bb31d469dfb,worlds_edge,1,8059,9888,4825,7353,12242,2367,south
0ad587301e01ec46212ad278d9f0eabd,storm_point,1,9764,8326,4894,9673,10810,2407,south
b4b1e1fbd857f0927ff0ea38c8cf2b7a,storm_point,1,8462,6565,4894,9280,7304,2407,center
839393575ccc26015d7302bdeedd10ca,storm_point,1,9202,8606,4894,6858,8710,2407,center
a3d69c069213d7714e26177f3ff1976a,storm_point,1,8053,5553,4894,9490,3524,2407,north
919118e920684eb1542291629e9e735b,worlds_edge,1,8374,10349,4825,10323,11846,2367,south
73de38fc35029ffef2d9b2550409a39c,worlds_edge,1,7342,10599,4825,8644,12683,2367,south
77356fd8077583f44ff7899b0125791b,worlds_edge,1,8162,9787,4825,8835,7533,2367,center
96b62a626f978a4216f3b57ee257e85f,worlds_edge,1,8126,10044,4825,7149,12299,2367,south
4c06f760e0f6d2650a241c90429ba800,e_district,1,5601,9238,5036,4489,11550,2470,west
48ce9279eba6bb9e1915033cc89c90f9,worlds_edge,1,9465,8746,4825,9189,6487,2367,center
eeabd0915dfbe57aaacb40540d210f9a,worlds_edge,1,8887,9936,4825,7302,11621,2367,center
6156f1ceb08a2ee31d8a2e2ca7f67700,e_district,1,8580,10520,5036,7205,8717,2470,center
e3fb8b7293600b2370ec04677b3f0019,storm_point,1,6599,6896,4894,4323,5895,2407,west
2e19755b83ff412fb59fd13061c99f17,worlds_edge,1,6688,10519,4825,4344,11259,2367,west
455135f034c47a37dd57fe8b62cac88b,worlds_edge,1,8111,8586,4825,7608,10037,2367,center
bcefd087f4e82c679aa32f3d422308ec,storm_point,1,9492,8826,4894,11559,10209,2407,east
fbf7b79a190f9cf1b9e5a7f81df8e193,storm_point,1,8773,8335,4894,6836,7973,2407,center
c1ae1fb205456688936320e7d3336763,worlds_edge,1,6492,9043,4825,7488,10043,2367,south
b7397b59ac1f88a9d0097b8b7452de33,storm_point,1,9646,7505,4894,11409,5752,2407,east
4466868aa52091892ab90f7822570c88,storm_point,1,9638,8197,4894,12005,7433,2407,east
0f2d28de8e031d84c66563a445aa28f9,storm_point,1,5807,6446,4894,3353,6040,2407,west
4d32ee403b83777158761d881ebe9e60,storm_point,1,6846,8634,4894,6663,11114,2407,west
8a053228688451e23cb330ad9f692ec7,worlds_edge,1,10372,9938,4825,11911,11854,2367,east
d25b316fed05e33cbf0baad32f052677,storm_point,1,8012,7750,4894,7417,10164,2407,center
435036aa4c91fa3475f293d1393228ff,storm_point,1,8651,7882,4974,6094,8079,2407,center
b38763694bde3a2d418222485bf7ac55,storm_point,1,9431,8852,4894,11813,9567,2407,east
f2f41e2b4b4e3a0f424d53e0db6b9556,worlds_edge,1,6380,6997,4825,4256,5762,2367,west
c0a6a2bf70b83cd41a0bb7b76fbd2f5e,e_district,1,7727,7878,5036,8631,5478,2470,center
2932c9c9a8a0a3c25d6717141812bcc8,worlds_edge,1,10122,9870,4825,12541,10305,2367,east
60af78dbe6baeb5cf8dcbd2d04c89de6,storm_point,1,9636,9181,4894,8648,11462,2407,south
f84312b85423a404969f16edfe2654e0,worlds_edge,1,7705,11420,4825,5371,12190,2367,south
85a9f7cc64be2557f334faa8c005503c,storm_point,1,9610,8673,4894,11484,10308,2407,east
c321605d17b37b50205bb00e2b6dd9d2,storm_point,1,6894,6086,4894,7888,6649,2407,center
538b5d1e6bb2e9089ebf9532e8b3381a,e_district,1,8596,10815,5036,9805,13077,2470,south
ec46651c4eb0d32f866feaece8097749,worlds_edge,1,6139,9175,4825,7435,10795,2367,center
15a12b38b7d5283b481083cc7f5c2009,storm_point,1,8616,6910,4894,6797,8383,2407,center
35757e39883adc62e051331f1786c740,storm_point,1,7645,9898,4894,5367,10896,2407,south
88fe3a9a0891bae4de7cc3a4eef12785,e_district,1,7284,8794,5036,5033,7565,2470,west
6234febda542edb9284beef016444854,worlds_edge,1,8056,8885,4825,6131,10251,2367,center
c6815cf5d7b11b00ce6c21c6fa686eb8,e_district,1,8031,7570,5036,9831,5743,2470,north
950aa26592e84cff8811d2df9dc1ef72,storm_point,1,6756,6019,4894,6744,3532,2407,north
de325e496d6dd443691d003ef7ce1c7b,storm_point,1,7253,7927,4894,4973,8920,2407,west
9e4b176114956836ad4f161bfcc462cf,worlds_edge,1,6896,10219,4825,4769,11450,2367,south
17acf793a28c1dbe8b292c2384214371,e_district,1,8589,8887,5036,8299,6339,2470,north
ab54d12096f286bb19948fa4c452f7f8,worlds_edge,1,10547,6942,4825,8437,7512,2367,center
ce8cb8ebb039e0201b2ea50ff98af4c5,storm_point,1,9406,5783,4894,9641,3307,2407,north
c0de11906a4d0aa2b77f98abaa77c6cd,worlds_edge,1,10722,11502,4825,10722,11502,2478,south
842614b1ed96e764a7d6b49709ff68de,worlds_edge,1,7549,10068,4825,8912,12047,2367,south
f4f163a710d0a89fbacd6554f28e5ecc,storm_point,1,7284,6307,4894,6301,4023,2407,north
bdb3525a1f550c731b54022eaadd1548,storm_point,1,7807,5745,4894,7088,3364,2407,north
8d68b91192c3f5461edc6cdb162e482e,storm_point,1,7505,5221,4894,5212,4259,2407,west
863420a20322636e4271aac22b9e2b23,e_district,1,6578,9045,5036,5128,6929,2470,west
285bb7a8346e64568788063cbb5c54d1,worlds_edge,1,8254,8424,4825,9989,7356,2367,center
26f229b688d46bb833fff24d061e4cfb,e_district,1,8373,8037,5036,10863,7421,2470,east
71ba7081647d25904b444b2928f5f357,worlds_edge,1,6405,9438,4825,4936,11409,2367,west
6effad10250d5a8518e491ad0906fbd7,e_district,1,8270,9970,5036,6369,11692,2470,south
1e71160199a0082be72346d36b58ada3,e_district,1,8596,10815,5036,9805,13077,2470,south
329bb311b642ac9a7670a489415a3d31,storm_point,1,9176,5609,4894,10078,7832,2407,center
b1f984587d83cc4ae768d236ad153396,storm_point,1,8781,8108,4974,9438,10589,2407,south
076201538c9637c861b0780136c7e20c,storm_point,1,8418,7227,4894,7950,4785,2407,north
125cc1b6ea674ea31f4f358a989a4905,storm_point,1,9818,6209,4974,9568,8516,2407,center
95977afcd937a08c7caf378a30cf0dba,worlds_edge,1,5250,8197,4825,6497,10159,2367,center
d6cda954a7cff0cfd556dd8306ca956f,worlds_edge,1,8414,10699,4825,10127,12459,2367,south
e2e3fdbaf1f6c6fd25c3c26788a705cb,e_district,1,7589,8251,5036,7922,5709,2470,north
709fa1ad0fbd9b6bdaa7bed081f0911e,e_district,1,7745,6711,5036,9598,4938,2470,north
b6e2b2c49903d1785c4aae9d672dae8a,e_district,1,9442,7441,5036,7748,8468,2470,center
2af8bb0f8ff8cc7adc14844c8ff95931,worlds_edge,1,7517,8478,4825,8142,6578,2367,center
923e341d2f07e5f66249d8065bf99d6d,storm_point,1,5143,7436,4894,2932,8574,2407,west
c679798bb232b80239e555aff8dbea88,storm_point,1,8282,7971,4974,10670,7031,2407,center
4b5b10a3f97433ced84c17551087fa1b,e_district,1,6127,8924,5036,7211,11078,2470,south
8f06a677618e04cccdf00f94f22ef407,storm_point,1,8388,9920,4974,7386,8265,2407,center
4efdee800434fbfee30665e0f4a64852,storm_point,1,9781,9372,4894,9652,11854,2407,south
74d2ea2e0eb8d4e8802f009de797e488,storm_point,1,9268,8112,4894,8502,10478,2407,south
2a1325c0bfb7aae933b0da3ffc6ab5a8,worlds_edge,1,8435,6997,4825,6014,6638,2367,center
426f6ce3ee3c95da19d96b67799fdf60,worlds_edge,1,7116,10521,4825,7917,12845,2367,south
582f0e87aae4bb811e47e62380505f9c,e_district,1,9200,9402,5036,11624,8569,2470,east
3684c06b37a017a3bd4365e0116bd1da,worlds_edge,1,8176,8434,4825,9554,6465,2367,center
3aa63b193208e9dfecf439dbec8b8b77,storm_point,1,7484,5904,4974,5412,4391,2407,north
7b64d842905b2a70c5fd9a49848aa638,storm_point,1,5571,5972,4894,3222,6787,2407,west
171bd6137c3df74565d0316776195ebc,worlds_edge,1,8035,7785,4825,9350,5709,2367,center
805e21e8675fc5629337e1f42407ca2d,storm_point,1,9786,6259,4974,9825,3693,2407,north
c055e8e8ad79eca9e602283a192f5141,storm_point,1,9075,9921,4894,11477,10564,2407,east
340cf9bf8b3a5d4ac52989514dbf11d8,storm_point,1,7276,6349,4894,7038,3873,2407,north
2347a1b56f43a81578c47156be44c9f1,storm_point,1,9685,8959,4894,11794,10276,2407,east
2fe90088282a6909e1ad8951acf15f2e,e_district,1,6307,8559,5036,3774,8153,2470,west
81f1319f545a37efd627a02f5bceafba,storm_point,1,10317,7308,4894,12238,8887,2407,east
7f0352fb828a023c0068de5ad1494072,worlds_edge,1,7033,8270,4825,8563,6548,2367,center
4e7b168228b01c4a0055bf6391ba72ae,worlds_edge,1,6289,9701,4825,4037,8731,2367,west
419f23ad0f32bce9e55e9a0c8185d92a,storm_point,1,8967,7866,4974,7677,10085,2407,center
74712b28cb0d153eb43e8c477b80789f,worlds_edge,1,9865,7131,4825,11443,5247,2367,east
d735b3eb1598b49941fda770c94f92b1,storm_point,1,7308,5467,4894,4837,5186,2407,west
3fde2d50840a5bb5be4b3d72a6059c2f,storm_point,1,6649,5269,4894,8085,7244,2407,center
2c2f58586171e6326bc56ffc300cfc35,e_district,1,7427,9749,5036,5019,9027,2470,center
716771bfadb68c3f195dd84e91cfea11,storm_point,1,9389,5880,4894,9555,3399,2407,north
87440137c7f1ee83e35a882d64d5cf2b,worlds_edge,1,10653,9734,4825,11833,11889,2367,east
abd428bbdac332d17aa6484bc97dc984,storm_point,1,10118,7005,4894,11582,9013,2407,east
76298349330fffe031f2d4331c3a3592,storm_point,1,5934,7714,4894,4183,5949,2407,west
99ad72bf2277d2e089942c80da4c64b0,worlds_edge,1,9937,8886,4825,11985,7530,2367,east
bc0777e9affb3795523c2cfe5917d778,worlds_edge,1,9592,7098,4825,9721,4644,2367,north
2702866def2972bc6c679131ffe79b72,e_district,1,7686,6992,5036,7074,4501,2470,north
62cde9061473554c48c4638f8c6d342d,storm_point,1,7287,4862,4894,4940,4040,2407,north
1e2bdbe152f525f7095306d8d9688057,storm_point,1,10047,8323,4894,12219,9535,2407,east
f79664f6952506b9e6b858a0529360fd,storm_point,1,8380,8413,4974,9945,10447,2407,south
a4060002142da499288c2b2c1704d48e,worlds_edge,1,7535,9859,4825,8733,11764,2367,south
ba320f2e7d97f17c8ef8ac87ec348e0a,storm_point,1,6153,8537,4894,4485,10382,2407,west
842edd721dea3ac4a529f8fd4225e438,storm_point,1,6401,6788,4894,3922,6605,2407,west
8cf2362b28cd74bb35e4696ea128faba,e_district,1,7707,10587,5036,10065,11593,2470,south
2602531a4a8473c8fd6496c3a2cda3bd,worlds_edge,1,6117,9565,4825,4125,11005,2367,south
9a7e773f06e941abe89c00bca53b51e5,worlds_edge,1,9630,6910,4825,10975,4853,2367,north
4c4f231f20f34306555efcbe0a048e6c,storm_point,1,9230,7478,4974,7570,9380,2407,center
391aacaf5e3678cf385a27ef3c8ac3c2,worlds_edge,1,8947,10146,4825,10614,11951,2367,south
ced86bb3d76f0f8af5f5e7785294077a,storm_point,1,9878,6353,4894,7673,5890,2407,center
a14a0ab131340cef10c9ccf0929d2f61,worlds_edge,1,10041,6967,4825,10262,4519,2367,north
f582b30f5ee30ac2609fc0d76e396763,worlds_edge,1,8445,10340,4825,7642,12661,2367,south
de43710a70989766d47d302f316f2d39,worlds_edge,1,7345,10485,4825,5275,11809,2367,south
64d8d5b63015af26a3881bd304f4a12e,worlds_edge,1,8927,7394,4825,11209,6488,2367,east
d84c159ea8367a2b3c8f2a19f651588d,worlds_edge,1,6288,8668,4825,4295,7229,2367,west
dc4ebf415483daaf5e8921ad740c0b1e,worlds_edge,1,10002,8438,4825,12239,9458,2367,east
6479921c304c80efa5ea1171ec3194ab,worlds_edge,1,10193,10010,4825,11065,7887,2367,east
75bafb605ec6bce8bae833e1b623afbd,storm_point,1,9019,9634,4974,11489,10331,2407,east
0157d184d42d14b436f1a7c5236a3cbf,worlds_edge,1,7188,6790,4825,6155,4560,2367,north
2e16af270dbb9670cb9834317d4bf0e1,storm_point,1,6958,4641,4894,4540,4059,2407,north
1a3618d1a66da1a6510f769a155b8ace,worlds_edge,1,6319,9841,4825,7758,11639,2367,south
b357bd5d7eaddbcdcb77395409f49d5b,storm_point,1,9257,5780,4894,9771,3347,2407,north
1239a6e769cacdf15fc98fccca209294,storm_point,1,9403,9728,4894,9986,12145,2407,south
731f3dcad3e44bab2bbf6d95d1ffb9c6,storm_point,1,6842,8000,4974,6695,10562,2407,south
1b8b9791ea8ae96787e98b94faf030c4,worlds_edge,1,10656,6957,4825,11115,4545,2367,north
cd6a0494d519fccf72f4ca3484582ec8,worlds_edge,1,7718,8122,4825,9291,6319,2367,center
b92af42fc3ae99d8054cef92a85d4adb,worlds_edge,1,6629,10596,4825,5116,12533,2367,south
1b8040dcd21ff8c9d16dac2beb29e2ff,worlds_edge,1,8692,11888,4825,6786,10752,2367,center
6aaaf25e6691ca143d1efb120c7e5dc2,storm_point,1,7001,6444,4894,6462,4016,2407,north
cccc94701244c13ff5846059137fc252,storm_point,1,9395,7650,4894,9343,5164,2407,north
84c21f9975d7c05763a3f29c46e74e30,storm_point,1,9415,8010,4974,8412,10372,2407,center
abb0c0a26208192dcdfb3471769fc2f4,e_district,1,7364,9120,5036,9405,7637,2470,center
61e157bff9fdc6e3680955063791e5c5,worlds_edge,1,8057,6440,4825,8987,7655,2367,center
b4dc5189bbe8bc756da19ea138719727,storm_point,1,6973,6513,4894,5086,4893,2407,west
bf414854bf1abe1d4e8ea72bdf951631,worlds_edge,1,10363,8979,4825,9695,6785,2367,center
a1ff2ec2dcf38e6da17a4846787f1e87,storm_point,1,7075,8540,4894,5217,10193,2407,south
4d29a9f273c277b6518bee22233acfb6,storm_point,1,10371,8692,4894,11437,10938,2407,east
153c68b63c516c91136bd8a62762acf9,storm_point,1,8519,10029,4894,10107,11943,2407,south
54ce8f46a7566891587a3907fcebb319,worlds_edge,1,8785,10643,4825,7404,12676,2367,south
6fd073f81a87f194e81a66c178a7b7dc,storm_point,1,9403,9728,4894,9986,12145,2407,south
ed79dbf81909bb47e4fd862ecbce9e0b,storm_point,1,6382,8673,4894,6125,11147,2407,south
663fecaee7ca53df83ad4841f37229db,e_district,1,8596,10815,5036,9805,13077,2470,south
42aa59602dfe5aa0bc8472eb4a22bc65,storm_point,1,9895,8646,4894,11610,10446,2407,east
311bfe112b5cc228d5b3d251721f2fee,worlds_edge,1,7554,10455,4825,9188,12291,2367,south
97102b8a93134c88efb21a10241f0434,storm_point,1,7856,5762,4894,6455,3707,2407,north
b93b091f92e58e5d9a28598b79995fe8,worlds_edge,1,7712,6129,4825,5684,4741,2367,north
d33ef8fde559e18e16cda83c165223d9,e_district,1,8784,10026,5036,9854,12357,2470,south
ec985a7bf37299bfa54e31e78daeca52,storm_point,1,6699,6970,4894,8732,7091,2407,center
f3293f221d0d6a3c54f3d3bbb68ef124,storm_point,1,5545,7006,4974,3338,5702,2407,west
8d99ade44efae5450767ae1b8b396042,worlds_edge,1,9120,11223,4825,9873,13562,2367,south
8a1e078373aefa9c72c1bed64b10eace,storm_point,1,7553,8904,4974,5853,10826,2407,south
3a96b928ab35be0283ed3a21da08aebf,storm_point,1,8841,6136,4974,9611,3688,2407,north
2de7ec5a01f80614d8607f76f483e558,storm_point,1,9437,9299,4894,10438,11575,2407,south
1f9beac9df3cf7797c27cf5dc98f4b22,worlds_edge,1,10825,9667,4825,9388,7678,2367,center
ac8fa5f54fb1f506ab18414b35faea60,storm_point,1,7554,9528,4974,6117,11654,2407,south
54b71cf419de0c1b2884f9367cdbfc4b,worlds_edge,1,7432,11088,4825,5035,11633,2367,west
c05ff69124288a7066b28bff2abf410d,worlds_edge,1,7242,11261,4825,4959,12166,2367,west
667276c68c94c1cb00581153109d0690,storm_point,1,9991,8834,4974,12557,8807,2407,east
983726683e75ed488155a40836fd51e9,worlds_edge,1,10178,10084,4825,11348,12244,2367,east
98418a7d86c2618d3b2b8886ad2e3fdd,storm_point,1,6528,6807,4974,4109,7663,2407,west
5a3ae5380d9b8897e39a8ae8f2f04e64,storm_point,1,8866,7753,4894,7117,9520,2407,center
2db8f82c46c7589a37a4909916d92dd4,storm_point,1,9037,9930,4974,11202,11310,2407,south
6c26203cb6e946ebaae652f2856a9cb1,storm_point,1,6447,6295,4894,6792,8653,2407,west
8394eeffff8aff02b21044d70585eb05,storm_point,1,8396,5953,4894,9574,3763,2407,north
37f2fa6f7fa0b864be2cdd3c903c4f8d,storm_point,1,9559,7213,4974,8072,5121,2407,north
119ff57074cc98e3f400d3f7ed39ab62,worlds_edge,1,7549,6307,4825,6201,4252,2367,north
bb8638ec723e705a1b971b618e23a469,worlds_edge,1,8579,10176,4825,10191,12031,2367,south
8de324f46c1d87a0a8d786b727987ca7,storm_point,1,10055,9362,4894,11694,11231,2407,south
3622e159b2b9ea37b9af178dc39c569f,storm_point,1,10596,8427,4974,13000,9326,2407,east
f29b2da9ff28047a6f0d5a7c33089fff,storm_point,1,9691,8620,4894,11821,9903,2407,east
e36449846bd0b85135394ed5e1fd7e31,storm_point,1,6750,7481,4894,4501,8543,2407,west
ca80e758557f7138bdb6ad84f3722460,worlds_edge,1,10072,6805,4825,11053,4553,2367,north
e01f6a06077dbbf3cd9ec849df4da1a7,storm_point,1,9266,5535,4894,8723,6953,2407,center
4e5014422f97638cbdbe6072d1f84c9c,worlds_edge,1,7690,10716,4825,5325,11384,2367,south
6cd3c27b1852932a6222c564a510cfc5,worlds_edge,1,11029,8794,4825,9606,7053,2367,center
e12fd20a46e68600732add772c2d91d6,storm_point,1,6033,7708,4894,3660,6964,2407,west
76f410ff34d3687036582c6d2d9b4e0d,worlds_edge,1,8959,8729,4825,9597,6447,2367,center
8feef344a5a562928f0a7ac27428ba98,storm_point,1,8431,8067,4894,6041,7444,2407,center
8e55ed14c942d1965e89ce3bebe378d7,e_district,1,7447,8730,5036,7632,11209,2470,south
5aa8356f8ed4c16ce9aef11cc001e06a,worlds_edge,1,8206,5944,4825,10114,4393,2367,north
cd9b2e835a96b2a491c06d51380a3f15,worlds_edge,1,8146,9226,4825,9338,7716,2367,center
f8a019a26c099e0413822c781e2fc47d,worlds_edge,1,7103,8898,4825,4889,7836,2367,west
32b7143b88b5acec52ed70d053b313f4,worlds_edge,1,7289,7059,4825,9592,6315,2367,center
6ac2dbdc0bdb77a82a528192df6f7156,storm_point,1,9403,9728,4894,9986,12145,2407,south
b3aeb26f04316cfb09dd09fedc46632d,storm_point,1,8889,7676,4894,11352,8016,2407,east
cd1ed7b767e4bc851d426e8befc6677b,storm_point,1,7571,9506,4894,6043,11468,2407,south
73f87432977d40aa890dd655715e6c7a,worlds_edge,1,7115,10619,4825,5102,12029,2367,west
f509b6460f45e32d802b936d8c79125b,worlds_edge,1,6600,9737,4825,4334,8784,2367,west
26b7ec9fcdc36d3dc6d45f13d656aaf7,storm_point,1,10407,7037,4894,12374,8559,2407,east
aa8bc5c4eb7f2774a87006b8b2ca2498,worlds_edge,1,8884,11703,4825,10609,13455,2367,south
937693c3abbfcb0745c7e1980c4ebc49,storm_point,1,10377,8799,4894,12842,9126,2407,east
69d68ea7db2df187715f62b4fd4db561,storm_point,1,6798,9258,4894,8737,8730,2407,center
9d2b57c6c3f359e86bbac9c710529fdb,e_district,1,7343,6962,5036,9352,5368,2470,north
e338aa173d35512963bcbe2bc0828b3c,worlds_edge,1,8154,5989,4825,6135,4591,2367,north
a3943a92870c7c4e24797ed58542b957,storm_point,1,4824,7364,4974,2803,8946,2407,west
ca349080d2424002676e751482df94fd,storm_point,1,10044,8846,4894,10104,11332,2407,south
3f127d7ff79a32986ecd0e413366341e,worlds_edge,1,6457,10041,4825,4516,11549,2367,south
5124cc508f67b9482b4479f622ff3b19,storm_point,1,9403,9728,4894,9986,12145,2407,south
7a2cb2d27b4d50b4c922c2f43ec87008,worlds_edge,1,8387,10281,4825,10702,11061,2367,south
503fed8331fd7c27af025d34a58ae9e5,storm_point,1,6395,6057,4894,4101,7017,2407,west
9d898348b97bb6a9f027f8dec8f4dc94,worlds_edge,1,7646,6382,4825,5982,4573,2367,north
09fcc8a3b9193599ce6d73c40f8e40eb,storm_point,1,9292,7662,4974,9028,10215,2407,center
33d8876ef6fe6821357e4fa1da743ba5,e_district,1,7564,8982,5036,6685,11392,2470,south
1b78e833660fde0a4cc9ba7328ff9fa3,worlds_edge,1,9577,9179,4825,9853,11572,2367,south
f105a0b2a01bf052291448c200ce2a9e,worlds_edge,1,9774,10958,4825,11661,12533,2367,east
9c5a60902868d49b3fa4e7fcf4a55204,worlds_edge,1,9680,9409,4825,9170,11707,2367,south
53dd02c22a903418ed1d713c2e362241,storm_point,1,7520,6120,4894,7138,3663,2407,north
34f96c1ef63d4ec49c658247abda9b90,storm_point,1,6370,7774,4894,3990,7055,2407,west
86f40d5621f17fb8992cb1c1fc5f7072,storm_point,1,9333,8343,4974,9380,6358,2407,center
85afd33d4c0818dbfb46565d0e7651df,worlds_edge,1,7921,6137,4825,9603,4345,2367,north
1f138d6bacd8ebb7cc785df9254d9044,storm_point,1,6271,7207,4894,4267,5733,2407,west
c658b287f63fc0912506e501da46d4b3,storm_point,1,7583,8802,4974,9566,7558,2407,center
e13ff82b30ca7873af69e911214e75aa,storm_point,1,8503,6036,4974,6490,7235,2407,center
2181150bfc6ad1271d45bf5ab6b7d0db,storm_point,1,8710,5945,4894,9092,3487,2407,north
2f2c9bc8a94e29a0b84943550191ab0f,storm_point,1,6351,6477,4974,8311,6645,2407,center
7fbaabeb11b8a13d64d15c86d7570b90,storm_point,1,10278,7569,4974,12174,9298,2407,east
ab38e3524dd2a695abff00caee3e6219,worlds_edge,1,7153,8314,4825,5187,9668,2367,west
904f4b04f9b4d5ea9a7351634ebba425,worlds_edge,1,9310,11516,4825,11136,13161,2367,south
e933a1c9aae56c87b3b998bd24fc0e13,storm_point,1,5759,7366,4974,3948,5548,2407,west
d46f6b14e259e98d2265c4102227562a,worlds_edge,1,7094,9297,4825,8783,7762,2367,center
f3dc438c04e9c858f187c68652dbbfa7,storm_point,1,9883,7810,4894,12034,6563,2407,east
949aabd4dee5ed543f7b44f272f9a90e,storm_point,1,9669,7853,4894,12127,8232,2407,east
a8112f385441f1f86deba10d4458f4ae,storm_point,1,8877,6129,4894,9823,8142,2407,center
dcf75e32e1f80a2c950daf9496c76f2e,storm_point,1,9449,8074,4894,11356,9671,2407,east
5a20631a487216978f4902b50d8261a4,storm_point,1,7862,7968,4894,5452,8581,2407,center
170bb9ddaf5a8498b9e720e23790d27c,worlds_edge,1,6891,6954,4825,6554,4519,2367,north
c9d5d20b6ca449b859a63e9b67e50f48,storm_point,1,5924,9177,4974,3379,9508,2407,west
f29cf1997bac3b4f99e09b3de0f132bd,storm_point,1,6543,6393,4894,4116,6926,2407,west
9dbfbc2e2d75eadbc83fa80701c113a1,worlds_edge,1,7146,8965,4825,5137,10377,2367,center
d019544035f51e39b558bbdbb88bc855,storm_point,1,7672,7371,4894,5548,8666,2407,center
0490040a0195613c70453c45f3311ead,worlds_edge,1,7483,11376,4825,9012,13300,2367,south
29ac67175f81030ab7da14886ee5f273,worlds_edge,1,8202,9661,4825,7935,12025,2367,south
76e934c55f9a6636ebeecf3a97782acc,storm_point,1,7224,9276,4894,7134,11760,2407,south
0bcbccd85a75cc725c579c1a5c670103,e_district,1,8846,8121,5036,10459,10116,2470,east
1271727124fac9b12b8af99ffaf42978,worlds_edge,1,7221,7662,4825,8687,5702,2367,north
b811eca785ca500661559bbcacc6bb32,worlds_edge,1,6862,8792,4825,5526,6729,2367,west
85d80ac759a514aa3ca9ea0e890434b4,worlds_edge,1,8271,11528,4825,8271,11528,2887,south
94a25d8a068bc85bb67e6fc6a743716b,storm_point,1,6103,8456,4894,4116,6961,2407,west
d7c3e743764d60505bff62ebb04b8132,storm_point,1,8732,7138,4974,11184,6379,2407,east
3369558b3a787976e30dd4888e3a3aa5,worlds_edge,1,6697,10801,4825,4472,11845,2367,south
4db18e03f625d76b4f645fd5b56912b5,storm_point,1,7830,7299,4894,7923,9593,2407,center
2561450262135b3203d85de76139fde4,worlds_edge,1,7029,8232,4825,5150,6648,2367,center
ac65f7cb5aead99bab72be18d66c79cd,storm_point,1,6390,5761,4974,3823,5757,2407,west
fb3ccbf7fe93ef17fb0ba02062aafec9,storm_point,1,9771,8399,4894,12000,9504,2407,east
df07fd7109dcbdbfed2f68fd65025000,worlds_edge,1,7933,7435,4825,8392,5022,2367,north
6ab3554894dd07bc93b9375b9dd39dcd,worlds_edge,1,7586,8286,4825,5980,6425,2367,west
c305c23b0b7d15bbf948a7f77ca85eab,storm_point,1,6774,6499,4894,5948,4154,2407,north
e00b4c6d362aea785e5f4cb1d6316f50,worlds_edge,1,9190,6200,4825,11143,4708,2367,east
87da7e6da51095d62d1f48fb8dbee850,worlds_edge,1,10072,6646,4825,9540,4247,2367,north
bb3d22e629adf3177e94e2a35bf34539,storm_point,1,9654,5241,4974,11149,3154,2407,north
dd31a8d72f0bc60bc2770418ba877af1,storm_point,1,7599,8984,4894,9986,8602,2407,center
6c4a9e7f0653b51b214b1c0a5349aad6,storm_point,1,8520,6743,4894,7959,4320,2407,north
9b5d2376e69aa9ba18d0880617ddbff6,storm_point,1,6948,8719,4894,6973,11205,2407,south
e8fc63a5eac9d8470a4a8331bfb745fe,storm_point,1,8713,6008,4974,9395,3534,2407,north
e6eb0f300d65cfb69af4df7df1583847,storm_point,1,8275,6298,4894,9706,4264,2407,north
577a81f3c0317d78ef636ad87d58e58c,worlds_edge,1,8528,9530,4825,9591,11691,2367,south
d525d9947adad4623461e3f806ab50e0,storm_point,1,6742,5384,4894,4708,3955,2407,north
e1d5ca52d051a91aca054fe6b790cd16,storm_point,1,7848,5073,4974,8945,6447,2407,center
29d21924d080d9dd6f0950e0aa56c563,storm_point,1,6891,8326,4974,9240,7641,2407,center
bac7100376dbea9c086fe5ae0eaee58b,storm_point,1,10248,9272,4894,10859,11682,2407,south
fedd1876103e582b9dc00719bbdf34ad,worlds_edge,1,7538,7184,4825,9204,5380,2367,north
28308f46c9c37b0d11fba81203a5a1bf,worlds_edge,1,9525,9804,4825,10011,12213,2367,south
d16b68c5840c8a12de6a2b2f777523c8,worlds_edge,1,7151,10324,4825,4933,11384,2367,west
c90f9d040b136edf9b87cce9fde92cf3,storm_point,1,6640,7185,4894,4208,7702,2407,west
52f0a61ab38e905789ccd513327d7664,storm_point,1,6279,8500,4894,4053,7391,2407,west
2291ec2dc5f6c5cdc9e098ab33532bca,worlds_edge,1,5993,10128,4825,7976,10190,2367,center
3a05fd101d99f506cb84e44b30735fd8,storm_point,1,6492,6889,4894,7450,8830,2407,center
3f65ac5340b3528753190ae5b9fc6f25,worlds_edge,1,10189,8743,4825,9163,6741,2367,center
1e7ade041475f0050146a403f723720a,worlds_edge,1,7309,10401,4825,5152,11580,2367,south
d7360f7a3aba429af981609a3024af91,storm_point,1,9654,8756,4894,7542,9004,2407,center
cda47c4ebf70b82c7ccbd0730c3b6d6c,storm_point,1,6943,5070,4894,5332,3176,2407,north
1744f8b7ec395459851e7913febd7400,storm_point,1,9437,9196,4894,11107,11039,2407,east
46178becec7050f4634e4740e59d96e5,storm_point,1,7070,7312,4894,8645,6831,2407,center
09aefbf9616af8c48edd2434e3099b9f,storm_point,1,8384,7953,4974,10950,7979,2407,center
9e49b640b4284afac67989e9bc8fefd7,storm_point,1,10469,9930,4894,12929,10294,2407,east
0c6dbc0b868552ca28164f8d7675b4c0,worlds_edge,1,9335,8861,4825,8852,7254,2367,center
64b2bf3a8ee086295e390a8678eb85e6,worlds_edge,1,9578,6559,4825,9610,4102,2367,north
b6b23c6b51a3bb811c23e4e18848b321,storm_point,1,9097,9264,4974,10871,11118,2407,south
ab8a21512178f8d3919ef9553969e2e6,worlds_edge,1,8906,7907,4825,11307,7392,2367,east
f1338caea9b650b675bbf1324f37684e,worlds_edge,1,6991,7113,4825,5639,5060,2367,north
ace91128edd3d88ec758c3cd22416adf,storm_point,1,10152,6433,4974,12714,6334,2407,east
e30c7f9aea2398f88afa6ecd9c395b4b,storm_point,1,8943,9535,4894,8827,12020,2407,south
c28851dda207ab0c465ca8a1dde00211,storm_point,1,10813,8128,4894,11830,10395,2407,east
d13bb387351f71996f7a2170ff060bf9,storm_point,1,7910,5792,4894,6499,3744,2407,north
6b81f248f3b603b7c5d1329097a85660,storm_point,1,7926,9215,4894,7726,11694,2407,south
9652477468c59452e9708d87938e06ac,storm_point,1,7971,6809,4894,5946,8254,2407,center
6e42a907390c85f1fad11bd8c9b90438,storm_point,1,8270,7740,4974,9199,5348,2407,north
692d0bbdc5b405b7f5ede32a237ace6f,storm_point,1,8631,9901,4894,10075,8066,2407,center
473b5a21e24e92646591c504dbf5eb86,storm_point,1,7078,8868,4974,6202,11281,2407,south
e1ee0593c2e1a0d170af2e33e31e0e24,worlds_edge,1,8311,9704,4825,9378,11746,2367,south
81effa38759d8304050196a396e8fb9c,worlds_edge,1,9802,6943,4825,11135,4878,2367,north
bb470eb67a90e4d1c8bcb590f6e9e7ac,storm_point,1,9542,6267,4974,11735,4935,2407,north
10dfa8366eeaf617feca022fc6a6bd00,storm_point,1,6413,6448,4894,4030,7160,2407,west
d3b97d5078ea6bfcd33595b15ebcb972,storm_point,1,9548,5657,4894,9043,3222,2407,north
d42db9ea63fa1f31d68d6b00ac2c7478,worlds_edge,1,7098,7595,4825,4668,7224,2367,center
f66cc62bc927450db174e030e78559d7,worlds_edge,1,10396,9207,4825,9904,7206,2367,center
fe3e094819c830b82a3cfb92ac0be6a4,storm_point,1,9041,6461,4974,11606,6578,2407,east
7cfa3fd3e21e3a9d3cc8b193e55808a9,worlds_edge,1,9976,9321,4825,11650,7523,2367,east
a049df399fdf7a7722068ba5741fe342,storm_point,1,6100,7446,4894,4718,5379,2407,west
16011e7848f27a9cd9e130e8a260df50,storm_point,1,6997,8831,4894,6658,11294,2407,south
efcbaffac7c617611f6c42e2f7cfa7bf,worlds_edge,1,6803,8028,4825,8754,6566,2367,center
6c41822f3745437d5fec0641fcd7f619,worlds_edge,1,7473,6445,4825,9712,7211,2367,center
b96e7699954af1fd4cfb6a7de54d183f,storm_point,1,9403,9728,4894,9986,12145,2407,south
6f4bcb5cae5ab4e57b29888b213e42ba,storm_point,1,10882,7099,4894,12701,8795,2407,east
3a1d62b07f128a7125568f0ae79382ff,worlds_edge,1,8742,11083,4825,8030,13436,2367,south
077d542c8cf2c82320a2b7b66f271b4a,worlds_edge,1,10443,7859,4825,11980,5941,2367,east
b85c415d19dadfd47165adbdde5c5075,storm_point,1,10010,6211,4974,8122,6236,2407,north
8b25e74460a9c1237bf36bb1ca26672e,storm_point,1,8330,5654,4974,6207,4213,2407,north
ef90983974e97daf95b3af742954a302,worlds_edge,1,6430,7934,4825,6827,9694,2367,center
edd5e3e835a384e4649a11f0a798cc8b,storm_point,1,7533,8685,4974,9083,7507,2407,center
a16ac9c81178e2f859c5a6d976dd7c4f,worlds_edge,1,8398,12194,4825,10148,13920,2367,south
7dc413129d7247afb14409e722fee1bc,storm_point,1,9873,7028,4894,12179,7960,2407,east
cd1bb333e0ea16f0ad3df62cff102fcf,worlds_edge,1,10555,7885,4825,11293,5541,2367,east
78c49d6c643a9677e7e7fa0b345be9b4,worlds_edge,1,9670,6820,4825,11924,5839,2367,east
971d64f6ff3864bda73b953074cd7b04,storm_point,1,10359,7512,4894,11933,9437,2407,east
19540a07826e86a64ca97a8cd762d961,worlds_edge,1,7258,10313,4825,4955,9458,2367,west
872bdb6e642db1ea62fe13b812076ff6,storm_point,1,8964,9337,4894,11448,9442,2407,east
5ec0a56834ac25e3720dc5f26662978c,worlds_edge,1,9532,6175,4825,11730,5076,2367,east
2bd71525f99e015aca5e8eaaf10cb437,storm_point,1,6695,9390,4894,7899,8421,2407,center
bc302735c2d544d10488cc3046385085,storm_point,1,6945,8962,4894,5414,10921,2407,south
cfc056b0425b0765320b3466449b60e2,worlds_edge,1,10698,9585,4825,11543,11894,2367,east
d2c10a5b49f016186019d99967bfbdb0,storm_point,1,9422,9003,4894,10854,11036,2407,south
4f2d55507505a4782e11c9f5201d73c8,storm_point,1,5536,7009,4894,3557,8515,2407,west
49c0b426129c0dac78dd9d516f21e0b3,storm_point,1,8143,7912,4894,5656,7936,2407,center
f6f7ccc53ce0ea46f2baa652facf0a3a,storm_point,1,10412,8265,4894,11325,10578,2407,east
141f3db723604f075600b93eddd763cd,storm_point,1,6844,8385,4894,4358,8447,2407,west
e1ecdb96cd0dc48350d04e43ba772220,worlds_edge,1,7179,8151,4825,8805,6831,2367,center
0d5f6dd0ebebab53f48ea2c795b11351,storm_point,1,9589,5359,4894,9974,2902,2407,north
d63fda919aa7fa2b9ecd39f51ada899e,storm_point,1,6127,5699,4894,5218,3385,2407,north
abfd4cf482c42b743e3844e7c5e56d5a,storm_point,1,7097,8886,4974,6031,11221,2407,south
4eeba604a8925c933f5e4695be54f95a,storm_point,1,8317,6727,4974,9762,4605,2407,north
29298d894401f692d19c30008f4fb4f9,storm_point,1,6396,5866,4894,5164,3705,2407,north
3b496c3faf537235f571e1d1706d89dd,storm_point,1,7144,7094,4974,7210,9659,2407,center
f7aa6b3b2f1cbcc24f4a7c20dd57f8ba,storm_point,1,8444,6632,4894,6183,7402,2407,center
b36468f5e38a6e201b28d1f2930a305d,storm_point,1,5723,7542,4894,3497,8650,2407,west
299fc3d17f8d77b659b7d3be83bd1748,storm_point,1,9954,5128,4894,9105,2792,2407,north
954e6e638e73364d189ef1edc9e573d2,storm_point,1,7280,6147,4894,5622,4294,2407,north
fdd66eb7e62843c38dbf89d734ca3a07,storm_point,1,8421,8097,4894,9701,10229,2407,south
3d29714891017bf9d0d000e47214be66,storm_point,1,8822,8660,4894,9236,11112,2407,south
672b123061f97eb19c52e7dbac390c3a,storm_point,1,6616,6115,4894,6758,3633,2407,north
acdf42b02df1ec4445f970b803a09f9d,worlds_edge,1,9138,9487,4825,8913,11776,2367,south
2f6053409badbc283a0705446b3545ca,storm_point,1,10609,7828,4894,11794,10013,2407,east
4108b620d96e40feb8b900c97c57b5ee,storm_point,1,6447,6295,4894,6792,8653,2407,west
6902c8e0125eb95789e0a6975edfc086,storm_point,1,7154,6713,4974,8929,7525,2407,center
357e8b2cb4e7beeb885a2acc6aa16efd,storm_point,1,9133,5827,4894,11470,4978,2407,east
91ede804dd6c15d0bc72545d59b67e93,storm_point,1,9600,5004,4894,10019,2553,2407,north
f3157570329f5b1a333f824ef3e9a10a,storm_point,1,7877,8760,4894,6725,10964,2407,south
70d72307ab9b795cb2a756ce99450dfe,storm_point,1,9505,7785,4894,9044,10228,2407,south
9c13b65c79d56914f05e4d5c602eef74,storm_point,1,8158,5453,4894,9329,3260,2407,north
5557a337f1169c9352986c2c6a2cf69c,storm_point,1,7645,6451,4894,5412,5356,2407,west
4cbb11daa61bbc02d143a9ac78dc4205,storm_point,1,10147,7247,4894,12570,6687,2407,east
48d7e96a36e89faffb3719c609bae48a,storm_point,1,6423,7965,4894,4288,9239,2407,west
7ad334e4267900957eb03df3a230085a,worlds_edge,1,6309,8823,4825,4345,7345,2367,west
9cc872a360a6b17d0095066e48032627,storm_point,1,8969,7102,4974,11536,7106,2407,east
7505e9ba83aefc348ef8e10afcc62286,storm_point,1,6303,8369,4894,4313,6877,2407,west
2871cdef2325d9b54a6777233ca03d1e,storm_point,1,7291,8203,4894,6339,10500,2407,west
21c08e56124295ccf0f9bdb9cfd43b49,storm_point,1,7948,8407,4894,6057,10022,2407,south
ea71ac2d14470ed078a43fc1cea5a4e5,storm_point,1,9855,8751,4974,12081,10025,2407,east
81fb2c3e030af1a9281e112dec4edd2d,storm_point,1,6560,7347,4974,4763,9179,2407,west
38372809b3c1ea0a54d3110b88a4e309,storm_point,1,7658,6671,4974,5885,8526,2407,center
caedfda31fa291e6fd648f1b41dca846,storm_point,1,9303,9775,4894,11468,10998,2407,south
ca3207bbffcd1a8a024234e5eab2de27,storm_point,1,7112,5849,4894,7153,7954,2407,center
6b4b0b61a6c8c3e69bce747b913a7b9b,storm_point,1,8913,8517,4894,6934,7486,2407,center
5f56a13c840ca6f198991ba15aa82bd7,storm_point,1,7393,8230,4894,6386,10503,2407,west
0a0456281734896a9135e8db1962a37e,storm_point,1,8111,9189,4894,6928,11376,2407,south
6d3a34de5b51a6f149d869e7b5e1e90b,worlds_edge,1,6419,9480,4825,3963,9549,2367,west
6c402f108f2d13d5158e000fe52b4480,storm_point,1,9387,8519,4894,11776,7829,2407,east
abd57bb0e4b988ae6a4b205d12ee181c,storm_point,1,9219,6553,4894,11627,7177,2407,east
93e838a9e822a423a5e734f609b49eac,storm_point,1,10385,5910,4894,12796,5302,2407,east
55744ecf08b14f7f3947a3b8bb428edb,storm_point,1,8103,5520,4894,9441,7256,2407,center
5ee4a3b7c43161a32ef61c970d1ffdad,worlds_edge,1,7591,6124,4825,5718,4534,2367,north
b7039496b047d4a2284965e7c33216db,storm_point,1,10155,9463,4894,9946,11940,2407,south
ecfbaf13db45804e79a74e1643f68407,storm_point,1,9403,9728,4894,9986,12145,2407,south
6f7b90c0b2a5507156d2643ba3633d2c,storm_point,1,5857,9062,4894,8047,8776,2407,center
3b7b6efc2281538cfcc8cddde1aa63fc,storm_point,1,7203,7625,4974,5319,5882,2407,west
5542abdbcdab0061d779748f851a2416,storm_point,1,9306,8983,4974,10264,11363,2407,south
32ddee4e0448763d5ef726f5e4551025,storm_point,1,6747,8287,4894,6714,10772,2407,west
0c802426d1a9db9ffe44874af5144fd5,storm_point,1,9161,6998,4894,8705,7824,2407,center
